,condition,HGB,RBC,HCT,PLT,WBC,bandNEU,segNEU,EOS,BAS,MON,LYM,CRP,Creatinine,sCD40L,EGF,Eotaxin,FGF.2,FLT.3L,Fractalkine,G.CSF,GM.CSF,GROa,IFNa2,IFNg,IL.1a,IL.1b,IL.1RA,Il.2,Il.3,Il.4,Il.5,Il.6,Il.7,Il.8,Il.9,Il.10,IL.12p40,IL.12p70,Il.13,Il.15,Il.17A,Il.17E,Il.17F,Il.18,Il.22,Il.27,IP.10,MCP.1,MCP.3,M.CSF,MDC,MIG,MIP.1a,MIP.1b,PDGF.AA,PDGF.AB.BB,TGFa,TNFa,TNFb,VEGF.A
105_S1_R1_001,NR,135.6,4.71,41.9,235,7.5,0.15,4.95,0.08,0,0.45,1.88,2.94,99.7,505.68,34.47,92.51,85.38,12.56,160.25,48.79,10.8,0.52,94.28,12.32,20.12,25.82,16.54,2.55,1.34,3.92,3.58,4.09,2.38,17.53,22.74,0,45.81,6.58,118.76,11.36,6,185.7,57.78,57.73,0,2101.23,127.69,245.64,31.87,91.01,587.05,934.77,38.73,30.12,1369.82,15701.04,12.2,28.74,3.36,80.89
197_S2_R1_001,NR,119,4.26,34.8,262,9.3,0.02,6.35,0.15,0.01,0.63,2.16,3.91,63.8,100.72,0,92.13,41.02,7.47,82.63,0,0,1.83,40.83,3.84,0,9.37,3.92,0.82,0.81,0,0.77,0.89,0.83,8.24,0,3.5,10.3,1.86,0,12.02,0,0,0,16.26,0,8661.13,140.25,220.07,13.9,24.14,25.11,847.35,11.18,15.65,956.43,16378.34,3.02,14.9,0,63.69
149_S3_R1_001,ACR,105,3.9,30.2,248,10.7,0.21,8.99,0,0,0.11,1.39,75.64,187.6,2333.27,20.61,70.31,52.97,8.32,128,0,0,0,76.47,3.84,16.02,17.87,11.16,1.53,1.74,2.72,163.62,9.61,1.7,11.08,11.04,21.37,135.17,3.19,59.96,8.68,4.18,0,0,243.85,0,2381.77,626.19,171.34,29.27,430.21,521.93,10109.11,22.35,21.32,2804.58,23400.55,7.32,31.76,3.74,328.62
144_S5_R1_001,CAV,130,4.42,38.2,241,4.6,0.09,3.04,0.05,0.05,0.41,0.97,5.45,141.3,233.24,0,66.87,0,42.33,163.54,28.73,4.54,1.83,63.41,0,46.44,9.37,3.92,0.82,0.81,1.09,4.7,2.81,0,13.74,5.94,0,51.28,2.53,0,13,3.53,0,0,36.8,0,3096.4,298.55,442.06,23.46,615.94,627.8,1489.79,15.49,16.98,1426.84,15120.05,1.78,24.19,0,86.8
093_S6_R1_001,CAV,150,4.93,42.7,176,6.6,0.01,3.71,0.14,0.04,0.53,2.18,5.52,91.7,57.03,0,84.02,58.3,6.29,58.01,15.48,0,0,31.91,0,14.85,11.13,3.32,0,0,0,4.7,0.64,0.5,5.04,0,0,28.28,1.52,51.3,3.75,0,0,3.99,14.78,0,1415.97,70.89,264.34,0,44.21,305.46,430.09,11.18,11.21,883.44,12067.69,0,12.53,1.47,218.94
135_S7_R1_001,CAV,120,4.34,37,303,8.1,0.08,5.59,0,0,0.57,1.86,0.37,71.3,43.75,0,102.76,63.33,3.37,0,19.46,0,0,0,0,6.67,0,2.71,0,0,0,0.77,0.64,0,0,0,0,0,0,0,9.02,2.84,0,0,0,0,3370,110.37,181.69,0,20.79,180.4,741.07,0,10.44,82.35,2584.23,0,7.7,0,0
128_S8_R1_001,NR,124,5.16,38.3,236,7.4,0.07,4.07,0.15,0.03,0.73,2.29,0.8,64.2,57.03,0,90.32,0.00,6.89,93.02,6.64,0,8.51,40.83,6.84,6.67,7.56,2.09,0,0,0.83,3.03,1.24,5.7,6.7,0,0,25.48,2.53,0,9.02,0,0,0,23.39,0,5042.03,435.15,252.54,20.08,77.65,641.85,1394.62,0,23.31,1530.38,19960.76,0,15.68,3.74,114.49
075_S12_R1_001,AMR,151,4.73,42.4,137,6.6,0.07,5.08,0,0,0.46,0.99,2.86,86.4,381.1,52.73,80,731.46,7.47,135.65,602.57,0,1.03,76.47,272.22,44.1,200.42,31.41,55.93,0.94,64.89,2.62,4.12,163.03,16.29,33.04,0,58.56,73.54,131.74,13,151.59,128.58,0,47.26,103.6,1597.2,119.83,286.9,34.31,77.65,403.58,1631.64,28.05,78.47,542.62,11325.6,1.49,51.38,75.65,28.68
059_S13_R1_001,AMR,160,5.71,46.2,177,9.6,0,5.66,0.19,0,0.77,2.98,4.33,111,85.5,0,88.1,0.00,4.07,58.01,0,0,0,0,0,24.21,0,0,0,0,0,1.54,0.71,0,0,0,0,10.3,0,0,9.7,0,0,0,26.51,0,1540.45,71.29,117.79,0,161.18,319.05,753.18,0,15.37,462.63,10813.44,1.78,9.33,0,34.65
164_S14_R1_001,ACR,107,3.59,31.3,215,6.3,0.13,4.73,0.06,0,0.38,0.88,3,235.9,81.59,0,103.51,44.21,9.43,111.55,53.5,0,1.83,40.83,12.97,26.55,9.37,4.53,0,0,0,1.68,3.97,0.75,8.24,0,8.65,17.95,1.17,0,17.02,0,0,0,8.71,0,4141.02,53.45,297.13,0,428.54,29.09,271.54,13.45,35.55,508.85,9887.37,3.24,23.42,0,46.95
124_S16_R1_001,ACR,141,4.88,41.5,239,11.2,0.22,7.17,0.11,0,1.23,2.46,2.18,78.3,239.29,24.47,120.41,68.10,15.5,226.64,32.25,10.8,13.3,135.53,27,20.7,21.1,13.56,2.38,4.27,3.38,4.56,3.21,6.73,27.06,8.16,0,12.23,8.64,138.06,9.7,7.67,445.64,0,50.84,185.85,1335.69,230.79,714.17,38.84,70.96,457.69,1539.23,20.78,29.59,3354.62,25308.11,3.24,36.62,5.39,261.44
103_S17_R1_001,ACR,141,4.88,41.5,239,11.2,0.22,7.17,0.11,0,1.23,2.46,2.18,78.3,239.29,24.47,120.41,68.10,15.5,226.64,32.25,10.8,13.3,135.53,27,20.7,21.1,13.56,2.38,4.27,3.38,4.56,3.21,6.73,27.06,8.16,0,12.23,8.64,138.06,9.7,7.67,445.64,0,50.84,185.85,1335.69,230.79,714.17,38.84,70.96,457.69,1539.23,20.78,29.59,3354.62,25308.11,3.24,36.62,5.39,261.44
019_S18_R1_001,ACR,129,4.73,39.3,227,5.5,0.06,4.02,0.17,0,0.55,0.72,9.09,83,52.7,0,54.51,< 26,13.31,150.08,0,17.45,0,0,0,17.19,0,0,0,0,0,3.58,0,0,5.04,0,0,27.34,0,144.29,11.36,0,0,0,76.93,0,1175.15,52.24,261.64,25.01,152.83,420.26,906.66,0,11.21,326.16,7556.59,0.76,22.65,3.74,14.1
062_S19_R1_001,ACR,138,5.81,43.1,336,7.1,0.01,4.27,0.26,0.01,0.78,1.78,50.04,169.1,555.32,0,35.12,41.02,6.14,111.55,28.73,0,9.4,31.91,3.84,20.7,0,4.53,0,0,0,8.3,10.22,1.07,11.08,0,0,36.62,0.83,0,8.68,0,0,0,65.97,0,1941.42,102.12,281.27,18.21,254.73,729.14,1196.53,11.18,11.94,1431.04,20527.23,2.31,30.25,0,73.44
123_S20_R1_001,CAV,135,5.22,41.2,217,6.33,0.13,3.28,0.13,0,1.01,1.76,6.42,104.7,202.35,19.15,119.34,52.97,14.54,150.08,43.98,11.52,8.31,76.47,32.71,19.53,19.5,6.35,1.18,1.47,2.95,3.86,4.02,1.89,11.08,13.58,0,49.46,6.11,76.09,10.03,5.41,0,20.7,48.15,0,3541.94,472.36,326.62,25.01,191.25,395.31,5190.68,19.12,14.51,1202.93,19253.59,4.48,33.26,2.24,36.53
033_S21_R1_001,CAV,115,4.26,33,131,11.3,0.34,8.25,0,0,0.68,2.03,9.04,102,122.56,0,98.25,41.02,84.41,119.98,25.12,0,9.5,40.83,25.25,9.01,9.37,3.62,0,0,0,17.44,10.07,2.3,8.24,7.09,3.32,0,2.19,0,17.5,4.18,0,0,15.07,0,3305.44,478.81,350.98,0,579.11,73.28,6782.19,0,37.75,665.03,12841.71,1.78,39.23,0,26.28
167_S23_R1_001,CAV,129,4.74,37.3,333,10.2,0.1,6.12,0.1,0.2,1.02,2.65,1.6,64,69.58,0,172.57,50.16,0,71.14,22.33,0,0,40.83,6.12,9.01,11.13,3.92,0,0,0,0.89,1.6,0,6.7,0,0.99,19.84,1.86,0,7.66,0,0,0,161.26,0,4740.88,199.71,313.43,0,121.09,385.92,919.37,15.49,10.83,292.57,6731.63,1.78,5.22,0,28.87
121_S24_R1_001,CAV,128,5.34,38.4,155,7,0.07,3.64,0.21,0,0.7,2.38,6.72,83.2,61.28,0,123.15,0.00,2.45,93.02,53.5,0,0,31.91,16.49,0,9.37,2.4,0,0,0,12.82,5.38,1.07,6.7,7.09,0,21.73,0,51.3,8.34,0,0,0,37.39,0,5754.59,583.28,305.65,0,144.48,554.49,2446.19,0,17.85,169.73,1386.16,0,23.42,0,4.06
182_S25_R1_001,AMR,96,4.6,29.2,160,6.5,0.13,5.46,0,0,0.33,0.59,44.47,61.4,1401.69,132.11,35.33,471.47,15.02,213.21,14.01,7.27,25.24,385.95,180.28,188.41,283.29,130.47,41.43,0.54,14.03,2.01,29.92,29.4,217.94,87.85,69.36,223.08,21.11,204.71,76.02,90.71,574.23,206.48,38.74,147.6,8644.3,946.07,142.45,130.73,183.73,166.01,11222.26,124.99,43,624.46,13678.76,82.65,26.46,6.48,30.73
106_S28_R1_001,NR,112,4.77,34.1,236,4.5,0.05,2.66,0,0,0.63,1.17,1.2,81.9,320.65,36.17,81.08,72.67,23.94,128,9.01,7.96,17.53,70.08,14.59,24.21,30.43,19.53,2.04,1.61,4.24,10.14,1.29,3.69,28.22,36.64,0,53.11,5.14,112.07,21.57,8.21,64.41,40.85,44.71,0,3652.93,102.73,200.35,31.87,47.56,632.62,1418.7,39.27,13.6,1830.24,21603.46,15.12,31.01,3.55,146.22
153_S15_R1_001,ACR,125,3.77,36.3,127,7.8,0.07,6.26,0.01,0.01,0.36,1.16,0.7,100.9,0,0,112.84,47.25,9.7,143,19.46,0,1.03,31.91,5.38,9.01,11.13,2.09,0,0,0,1.02,0,4.12,0,0,15.33,23.6,0,0,8,0,0,0,158.08,0,4512.2,324.56,294.25,16.17,261.41,145.14,3266.5,0,24.97,470.96,10610.56,1.92,13.32,0,16.25